term,early_count,late_count,delta
see,27,69,42
reflect,0,33,33
other,35,64,29
innovative,1,30,29
worldwide,1,29,28
these,39,67,28
recognize,5,32,27
late,4,29,25
symptom,8,33,25
some,35,60,25
videos,0,24,24
moyamoya,0,20,20
like,14,34,20
reporter,0,20,20
where,4,24,20
take,33,51,18
need,49,67,18
medium,2,20,18
medication,15,33,18
provider,6,23,17
author,5,21,16
live,0,16,16
ensure,15,30,15
reach,5,20,15
privacy,3,18,15
future,1,15,14
story,3,17,14
enable,1,15,14
include,28,41,13
employee,14,27,13
image,3,16,13
’ve,0,13,13
improve,26,39,13
san,3,16,13
psp,0,13,13
receive,37,49,12
benefit,22,34,12
parkinson,6,18,12
pain,10,22,12
most,35,47,12
ask,6,17,11
around,2,13,11
many,30,41,11
therapy,21,32,11
early,8,19,11
long,14,25,11
abortion,0,11,11
without,9,20,11
learner,0,11,11
healthy,7,17,10
surgical,3,13,10
identify,16,26,10
vulnerable,1,11,10
get,33,43,10
eskd,0,10,10
help,59,69,10
analyze,4,14,10
adult,8,18,10
heal,0,10,10
contacts,0,10,10
become,5,15,10
photo,0,10,10
hope,3,13,10
history,2,12,10
francisco,3,13,10
across,9,19,10
’re,0,10,10
movement,2,12,10
just,13,22,9
trust,0,9,9
ibd,1,10,9
community,19,28,9
thousand,2,11,9
covid,0,9,9
alzheimer,3,12,9
success,0,9,9
case,10,19,9
come,13,22,9
meet,7,16,9
example,1,10,9
staff,6,15,9
diagnosis,8,17,9
facility,2,11,9
determine,5,14,9
less,8,16,8
different,10,18,8
challenge,2,10,8
admit,1,9,8
source,0,8,8
phd,1,9,8
chatbot,0,8,8
seizure,3,11,8
building,0,8,8
california,6,14,8
resource,4,12,8
tbi,0,8,8
much,2,10,8
regimen,0,8,8
pca,0,8,8
talk,4,12,8
place,4,12,8
between,10,18,8
world,9,17,8
ftd,0,8,8
work,35,43,8
begin,5,13,8
affiliate,0,8,8
move,0,7,7
step,2,9,7
current,2,9,7
affect,3,10,7
gait,0,7,7
present,1,8,7
cal,0,7,7
income,0,7,7
access,29,36,7
alcohol,0,7,7
expert,0,7,7
put,8,15,7
disorder,2,9,7
research,36,43,7
n’t,1,8,7
surgeon,0,7,7
illness,2,8,6
relapse,1,7,6
halt,0,6,6
cell,31,37,6
decision,3,9,6
anemia,0,6,6
age,17,23,6
lead,16,22,6
person,2,8,6
real,4,10,6
outcome,24,30,6
visual,1,7,6
participant,0,6,6
second,2,8,6
100,3,9,6
medi,0,6,6
clinician,12,18,6
start,3,9,6
art,2,8,6
stimulation,0,6,6
copa,0,6,6
hear,0,6,6
daily,0,6,6
pharmacy,2,8,6
nearly,4,10,6
advance,4,10,6
fanconi,0,6,6
broad,1,7,6
address,2,8,6
scan,4,10,6
steinberg,0,6,6
discuss,1,7,6
use,36,42,6
any,5,11,6
digital,1,7,6
back,9,14,5
two,18,23,5
idd,0,5,5
respond,3,8,5
assistant,2,7,5
covid-19,0,5,5
impact,14,19,5
think,5,10,5
depend,1,6,5
institution,0,5,5
whose,9,14,5
lot,4,9,5
exciting,0,5,5
diagnose,17,22,5
tool,4,9,5
journey,1,6,5
newsroom,0,5,5
headache,0,5,5
here,4,9,5
protect,3,8,5
location,3,8,5
whom,2,7,5
single,2,7,5
technician,0,5,5
dental,0,5,5
hauser,0,5,5
laderriere,0,5,5
images,0,5,5
foundation,2,7,5
both,17,22,5
why,6,11,5
predict,5,10,5
oakland,1,6,5
activity,1,6,5
approximately,1,6,5
range,3,8,5
minimize,0,5,5
ever,0,5,5
radiation,4,9,5
biomarker,2,7,5
save,1,6,5
seamless,0,5,5
side,6,11,5
walk,3,8,5
prioritize,0,5,5
ability,4,9,5
able,8,13,5
could,31,36,5
close,2,7,5
relationship,3,8,5
rehabilitation,1,6,5
stage,3,8,5
usually,0,5,5
performance,1,6,5
standard,7,12,5
specialist,4,9,5
directly,3,8,5
aggressive,0,4,4
fare,0,4,4
outreach,1,5,4
english,0,4,4
return,1,5,4
hundred,1,5,4
endo,0,4,4
associate,2,6,4
earth,0,4,4
nasa,0,4,4
knowledge,0,4,4
block,0,4,4
country,1,5,4
ray,0,4,4
donate,2,6,4
must,3,7,4
continue,10,14,4
car,0,4,4
gut,0,4,4
severity,1,5,4
those,33,37,4
model,8,12,4
launch,0,4,4
preserve,0,4,4
birth,2,6,4
educational,0,4,4
low,13,17,4
pancreatic,0,4,4
trauma,3,7,4
face,3,7,4
leadership,1,5,4
2024,0,4,4
telehealth,0,4,4
want,9,13,4
particularly,1,5,4
today,1,5,4
first,18,22,4
slow,0,4,4
translate,0,4,4
gas,0,4,4
sepsis,0,4,4
top,4,8,4
point,1,5,4
lgbtq+,0,4,4
spanish,0,4,4
finally,0,4,4
obesity,1,5,4
only,10,14,4
inspire,1,5,4
again,1,5,4
later,2,6,4
motivate,0,4,4
once,2,6,4
origins,0,4,4
grade,1,5,4
state,5,9,4
pattern,0,4,4
deeply,1,5,4
keep,3,7,4
connection,0,4,4
assess,3,7,4
precision,0,4,4
draft,0,4,4
available,8,12,4
sign,3,7,4
funding,0,4,4
flu,0,4,4
tms,0,4,4
form,4,8,4
counsel,0,4,4
note,5,9,4
uninsured,1,5,4
epilepsy,6,10,4
dementia,4,8,4
wraparound,0,4,4
infographics,0,4,4
row,0,4,4
inside,1,5,4
play,1,5,4
gold,1,4,3
dbs,0,3,3
glioma,0,3,3
okada,0,3,3
eventually,1,4,3
designation,0,3,3
body,2,5,3
culturally,0,3,3
lab,5,8,3
awareness,0,3,3
burden,0,3,3
2023,0,3,3
relief,1,4,3
holistic,0,3,3
giant,0,3,3
progression,0,3,3
equitable,0,3,3
hormone,1,4,3
short,1,4,3
space,5,8,3
quarterly,0,3,3
efficiency,0,3,3
premature,0,3,3
equity,0,3,3
kill,0,3,3
marrow,2,5,3
load,0,3,3
progressive,0,3,3
pharmd,0,3,3
suspect,1,4,3
glioblastoma,2,5,3
now,20,23,3
biopsy,1,4,3
screening,0,3,3
liver,5,8,3
promise,0,3,3
along,0,3,3
generation,0,3,3
member,3,6,3
sometimes,1,4,3
memory,0,3,3
might,7,10,3
acs,0,3,3
medicaid,0,3,3
apply,0,3,3
neighborhood,1,4,3
rett,0,3,3
test,10,13,3
respiratory,1,4,3
pregnancy,0,3,3
under,5,8,3
via,0,3,3
microbiome,0,3,3
bayfront,0,3,3
"1,000",0,3,3
hard,2,5,3
base,13,16,3
reschedule,0,3,3
pillai,0,3,3
straightforward,0,3,3
algorithm,0,3,3
demand,0,3,3
overall,8,11,3
o.r.,0,3,3
modify,2,5,3
shift,0,3,3
would,18,21,3
kovalski,0,3,3
200,0,3,3
anonymize,0,3,3
effort,2,5,3
african,1,4,3
likely,10,13,3
merrell,0,3,3
infusionist,0,3,3
cure,2,5,3
boyle,0,3,3
viral,0,3,3
"20,000",0,3,3
setting,1,4,3
rehab,0,3,3
proud,0,3,3
digitize,0,3,3
local,4,7,3
responsible,0,3,3
behavioral,1,4,3
hub,0,3,3
despite,0,3,3
struggle,3,6,3
migraine,0,3,3
antibody,0,3,3
free,3,6,3
underserved,1,4,3
acquire,0,3,3
peninsula,1,4,3
disability,1,4,3
always,4,7,3
happening,0,3,3
austin,0,3,3
representative,0,3,3
116,0,3,3
mood,0,3,3
infectious,0,3,3
accessible,3,6,3
article,3,6,3
exceptional,7,10,3
significant,7,10,3
kripke,0,3,3
ries,0,3,3
speed,0,3,3
alike,0,3,3
check,0,3,3
electrical,0,3,3
understand,6,9,3
barbara,0,3,3
speak,3,6,3
suresh,0,3,3
job,4,7,3
wang,0,3,3
dose,0,3,3
withdrawal,0,3,3
preterm,0,3,3
hawgood,0,3,3
antidepressant,0,3,3
paper,1,4,3
avoid,1,4,3
autoantibody,0,3,3
streamline,0,3,3
subset,0,3,3
marker,0,3,3
expose,0,3,3
testing,0,3,3
flag,0,3,3
estrogen,0,3,3
fast,3,6,3
exclude,0,3,3
policy,2,5,3
tell,6,9,3
action,0,3,3
minority,3,6,3
grow,8,11,3
learn,9,12,3
fodmap,0,3,3
easy,3,6,3
unhoused,0,3,3
capacity,1,4,3
jaradeh,0,3,3
datum,29,32,3
spend,5,8,3
dozen,1,3,2
charge,1,3,2
almost,2,4,2
champion,1,3,2
obtain,1,3,2
background,1,3,2
review,3,5,2
native,1,3,2
occur,2,4,2
mental,3,5,2
collaborative,1,3,2
former,2,4,2
observe,1,3,2
gender,1,3,2
insight,1,3,2
cognitive,1,3,2
caregiver,4,6,2
survive,1,3,2
serious,2,4,2
baby,1,3,2
set,2,4,2
even,13,15,2
man,2,4,2
bedside,1,3,2
500,2,4,2
examination,1,3,2
optimize,2,4,2
leapfrog,1,3,2
institute,5,7,2
change,19,21,2
prom,2,4,2
enhance,4,6,2
machine,2,4,2
soon,1,3,2
huge,3,5,2
instruction,1,3,2
recent,1,3,2
american,3,5,2
united,1,3,2
result,9,11,2
states,1,3,2
commit,1,3,2
core,1,3,2
assessment,1,3,2
senior,3,5,2
end,3,5,2
convenience,2,4,2
ago,2,4,2
deep,2,4,2
debilitate,2,4,2
rely,1,3,2
virus,1,3,2
actually,2,4,2
making,1,3,2
hour,1,3,2
fat,1,3,2
conversation,1,3,2
electrode,1,3,2
infection,3,5,2
complex,8,10,2
expand,4,6,2
spectrum,1,3,2
plan,11,13,2
safe,7,9,2
scientific,1,3,2
solution,3,5,2
drive,6,8,2
cover,1,3,2
process,6,8,2
congenital,1,3,2
difference,2,4,2
big,2,4,2
francis,1,3,2
confirm,4,6,2
there,12,14,2
order,2,4,2
variation,1,3,2
approach,15,17,2
unusual,2,4,2
instead,1,3,2
improvement,4,6,2
bring,9,11,2
transform,2,4,2
explain,1,3,2
referring,2,4,2
appear,4,6,2
potential,2,4,2
goal,5,7,2
pair,1,3,2
lose,2,4,2
equip,1,3,2
benioff,8,10,2
outstanding,1,3,2
something,2,4,2
collaborate,1,3,2
value,2,4,2
urban,1,3,2
left,1,3,2
unexplained,1,2,1
leverage,1,2,1
due,2,3,1
inflammatory,1,2,1
third,5,6,1
u.s.,6,7,1
versus,1,2,1
drink,2,3,1
hospice,1,2,1
respect,1,2,1
bad,2,3,1
pill,2,3,1
mph,1,2,1
demonstrate,2,3,1
efficient,1,2,1
glucose,1,2,1
faqs,1,2,1
susan,2,3,1
statistic,1,2,1
assist,1,2,1
eat,3,4,1
mentor,1,2,1
recovery,4,5,1
response,8,9,1
weekly,1,2,1
million,13,14,1
difficulty,1,2,1
hand,5,6,1
barrier,1,2,1
decide,2,3,1
integrate,2,3,1
white,2,3,1
act,1,2,1
evidence,3,4,1
mobility,2,3,1
challenging,3,4,1
interpret,1,2,1
direct,3,4,1
successful,2,3,1
floor,1,2,1
chancellor,1,2,1
staffing,1,2,1
degree,1,2,1
measure,5,6,1
president,5,6,1
accurately,1,2,1
rounded,1,2,1
acute,2,3,1
cut,1,2,1
advocacy,2,3,1
run,1,2,1
assign,1,2,1
alert,2,3,1
importantly,1,2,1
such,17,18,1
antibiotic,1,2,1
generate,1,2,1
none,1,2,1
variable,1,2,1
bone,4,5,1
forward,1,2,1
depression,8,9,1
count,1,2,1
hopeful,1,2,1
section,1,2,1
chemotherapy,4,5,1
seek,6,7,1
alive,2,3,1
credit,1,2,1
recover,3,4,1
impairment,1,2,1
conditions,1,2,1
next,2,3,1
infuse,1,2,1
specialized,3,4,1
international,2,3,1
unique,4,5,1
lupus,5,6,1
colon,1,2,1
aim,2,3,1
idea,1,2,1
icu,1,2,1
2005,2,3,1
post,3,4,1
acutely,1,2,1
diverse,3,4,1
landscape,1,2,1
initial,1,2,1
overcome,1,2,1
search,2,3,1
endure,1,2,1
appropriate,2,3,1
fluid,1,2,1
leader,2,3,1
choice,2,3,1
intensive,1,2,1
healing,1,2,1
define,1,2,1
amplify,1,2,1
completely,1,2,1
engagement,3,4,1
cardiologist,1,2,1
psychotherapy,1,2,1
monitoring,3,4,1
secondary,1,2,1
reverse,1,2,1
primarily,1,2,1
while,23,24,1
bacteria,2,3,1
transgender,1,2,1
sustained,1,2,1
attend,2,3,1
quickly,3,4,1
discover,2,3,1
class,4,5,1
match,4,5,1
predictive,1,2,1
gastric,1,2,1
aid,1,2,1
try,4,5,1
diagnostic,4,5,1
discrimination,1,2,1
store,1,2,1
personal,2,3,1
key,3,4,1
day,11,12,1
wide,1,2,1
ultimately,2,3,1
outcomes,1,2,1
shop,1,2,1
collect,5,6,1
helpful,2,3,1
vary,2,3,1
roughly,1,2,1
wheelchair,1,2,1
sensitive,1,2,1
consequence,1,2,1
mary,5,6,1
round,2,3,1
grant,2,3,1
happy,2,3,1
michael,1,2,1
neurologist,1,2,1
require,11,12,1
exist,3,4,1
life,31,32,1
bariatric,6,7,1
similar,5,6,1
pregnant,3,4,1
surround,1,2,1
administer,1,2,1
emergency,8,9,1
guidance,1,2,1
food,1,2,1
position,1,2,1
print,2,3,1
recommendation,1,2,1
factor,3,4,1
university,1,2,1
full,4,5,1
actual,1,2,1
fellowship,2,3,1
trigger,1,2,1
enroll,1,2,1
represent,3,4,1
autoimmune,2,2,0
never,7,7,0
candidate,2,2,0
accelerate,2,2,0
anxiety,2,2,0
email,2,2,0
aspect,2,2,0
thank,3,3,0
comprehensive,7,7,0
hold,4,4,0
front,2,2,0
interaction,4,4,0
flare,2,2,0
select,2,2,0
practitioner,2,2,0
contribution,3,3,0
operation,5,5,0
infusion,2,2,0
predicament,2,2,0
faculty,4,4,0
rise,2,2,0
chance,3,3,0
visitors,2,2,0
listen,3,3,0
immunotherapy,3,3,0
dedication,3,3,0
break,2,2,0
reconstruction,2,2,0
term,5,5,0
triage,2,2,0
immune,8,8,0
evaluate,6,6,0
academic,2,2,0
possible,8,8,0
relate,5,5,0
down,2,2,0
view,4,4,0
seem,2,2,0
dedicate,2,2,0
remission,4,4,0
small,8,8,0
directions,4,4,0
engage,5,5,0
advantage,5,5,0
leukemia,2,2,0
assume,2,2,0
department,7,7,0
beneficial,2,2,0
mild,2,2,0
collaboration,5,5,0
thing,6,6,0
observation,2,2,0
glaucoma,2,2,0
indicate,2,2,0
appreciate,2,2,0
relations,5,5,0
novel,2,2,0
pose,2,2,0
hiv,8,8,0
concern,9,9,0
consistently,3,3,0
evaluation,2,2,0
fix,2,2,0
helen,2,2,0
fact,4,4,0
infect,2,2,0
strengthen,3,3,0
build,4,4,0
aware,2,2,0
discussion,2,2,0
widely,2,2,0
donor,3,3,0
decade,7,7,0
seven,2,2,0
text,2,2,0
lymphoma,2,2,0
compare,10,10,0
intervention,5,5,0
gain,3,3,0
organ,3,3,0
tailor,5,5,0
shorten,2,2,0
unit,5,5,0
instance,2,2,0
advocate,7,7,0
currently,8,8,0
vision,3,3,0
prefer,2,2,0
recommend,7,7,0
edge,4,4,0
mind,2,2,0
previously,2,2,0
add,8,8,0
travel,2,2,0
injure,2,2,0
northern,5,5,0
issue,7,7,0
pass,2,2,0
acuity,2,2,0
profound,2,2,0
complete,5,5,0
environment,7,7,0
accurate,4,4,0
experiment,2,2,0
social,3,3,0
moment,2,2,0
hospitals,4,4,0
dialysis,3,3,0
loss,3,3,0
convenient,7,7,0
deliver,11,11,0
tumor,19,19,0
feature,3,3,0
eliminate,2,2,0
create,10,10,0
sure,3,3,0
encounter,3,3,0
effect,6,6,0
whether,12,12,0
common,4,4,0
durham,2,2,0
underlie,2,2,0
task,2,2,0
patients,2,2,0
pharmacist,4,4,0
stem,5,5,0
remember,2,2,0
st.,2,2,0
seriously,2,2,0
comfortable,2,2,0
nursing,5,5,0
expertise,2,2,0
function,7,7,0
nation,2,2,0
design,11,10,-1
pull,2,1,-1
150,2,1,-1
therapist,5,4,-1
technology,9,8,-1
lethal,2,1,-1
path,2,1,-1
neurological,4,3,-1
fully,3,2,-1
right,10,9,-1
eligible,3,2,-1
often,18,17,-1
suggest,4,3,-1
last,6,5,-1
either,2,1,-1
ill,4,3,-1
fall,3,2,-1
understanding,3,2,-1
amenity,2,1,-1
balance,3,2,-1
connect,7,6,-1
aids,4,3,-1
pound,2,1,-1
learning,2,1,-1
fund,4,3,-1
poor,2,1,-1
generally,2,1,-1
else,2,1,-1
3.8,2,1,-1
interview,2,1,-1
you,19,18,-1
cardiovascular,2,1,-1
annually,4,3,-1
critically,2,1,-1
literacy,2,1,-1
host,2,1,-1
strong,5,4,-1
necessary,3,2,-1
readmission,2,1,-1
suffer,7,6,-1
water,2,1,-1
smith,2,1,-1
yet,2,1,-1
joint,5,4,-1
achieve,4,3,-1
leg,2,1,-1
amir,3,2,-1
consent,2,1,-1
successfully,2,1,-1
turn,5,4,-1
combine,2,1,-1
strive,2,1,-1
breath,2,1,-1
afscme,2,1,-1
major,11,10,-1
increase,16,15,-1
effective,15,14,-1
project,4,3,-1
human,5,4,-1
professor,4,3,-1
resident,3,2,-1
phase,2,1,-1
head,6,5,-1
karen,2,1,-1
kind,3,2,-1
parent,2,1,-1
dos,3,2,-1
multidisciplinary,6,5,-1
near,4,3,-1
app,3,2,-1
company,3,2,-1
preference,2,1,-1
fragile,3,2,-1
bond,2,1,-1
painful,2,1,-1
analysis,3,2,-1
pediatric,19,18,-1
incision,2,1,-1
implication,3,2,-1
primary,8,7,-1
six,3,2,-1
harm,5,4,-1
cholesterol,2,1,-1
feb.,2,1,-1
bladder,4,3,-1
personalize,3,2,-1
decline,2,1,-1
enter,2,1,-1
relative,4,3,-1
against,2,1,-1
regular,2,1,-1
active,3,2,-1
invasive,2,1,-1
vital,4,3,-1
prevention,5,4,-1
cite,2,1,-1
elevated,2,1,-1
sort,2,1,-1
ease,4,3,-1
mri,4,3,-1
national,7,6,-1
feel,15,14,-1
raise,3,2,-1
focus,14,13,-1
equally,3,2,-1
chronic,9,8,-1
general,4,3,-1
although,3,2,-1
before,18,17,-1
mix,2,1,-1
week,6,5,-1
eight,2,1,-1
transportation,2,1,-1
describe,2,1,-1
then,13,12,-1
wonder,2,1,-1
ambulatory,3,2,-1
dna,2,1,-1
establish,3,2,-1
extend,4,3,-1
basis,2,1,-1
equal,3,2,-1
limited,3,2,-1
examine,8,7,-1
categorize,2,1,-1
question,7,6,-1
sudden,2,1,-1
box,2,1,-1
admission,2,1,-1
look,9,8,-1
operative,2,1,-1
800,2,1,-1
palliative,2,1,-1
accommodate,3,2,-1
criterion,3,2,-1
protein,2,1,-1
vessel,2,1,-1
psychiatric,2,1,-1
rate,11,10,-1
planning,2,1,-1
oncology,3,2,-1
facilitate,2,1,-1
too,3,2,-1
pacemaker,3,2,-1
matter,2,1,-1
300,2,1,-1
produce,2,1,-1
estimate,2,1,-1
medicare,3,2,-1
worker,3,2,-1
syndrome,14,13,-1
twitter,2,1,-1
report,11,10,-1
system,26,25,-1
continuity,2,1,-1
protocol,3,2,-1
thought,2,1,-1
kid,2,1,-1
whole,3,2,-1
detail,3,2,-1
weight,4,3,-1
bed,3,2,-1
concept,3,2,-1
federal,2,1,-1
pharmaceutical,2,1,-1
unnecessary,4,3,-1
amount,2,1,-1
double,2,1,-1
partner,5,3,-2
director,3,1,-2
coordinate,4,2,-2
line,3,1,-2
palsy,3,1,-2
comfort,3,1,-2
communication,7,5,-2
metastatic,4,2,-2
off,5,3,-2
relatively,3,1,-2
morning,3,1,-2
content,3,1,-2
website,3,1,-2
realize,3,1,-2
resistance,3,1,-2
reason,4,2,-2
male,4,2,-2
diet,3,1,-2
vice,3,1,-2
welcome,5,3,-2
moderate,3,1,-2
lower,4,2,-2
vaccine,7,5,-2
remain,7,5,-2
insurance,5,3,-2
material,3,1,-2
importance,3,1,-2
happen,7,5,-2
easily,4,2,-2
choose,4,2,-2
alternative,4,2,-2
sclerosis,5,3,-2
multiple,12,10,-2
electronic,6,4,-2
pivotal,3,1,-2
approve,3,1,-2
since,9,7,-2
nor,3,1,-2
part,8,6,-2
regardless,3,1,-2
supplementation,3,1,-2
field,4,2,-2
severe,7,5,-2
true,4,2,-2
vein,3,1,-2
average,8,6,-2
initially,3,1,-2
previous,3,1,-2
personalized,3,1,-2
method,3,1,-2
per,10,8,-2
really,10,8,-2
sick,3,1,-2
though,3,1,-2
specifically,3,1,-2
preventable,3,1,-2
contain,4,2,-2
ceo,3,1,-2
cardiac,9,7,-2
area,13,11,-2
stay,10,8,-2
carry,3,1,-2
maximize,3,1,-2
immediately,4,2,-2
student,10,8,-2
role,5,3,-2
tissue,9,7,-2
pre,3,1,-2
battle,3,1,-2
proportion,3,1,-2
should,19,17,-2
maintain,5,3,-2
obese,4,2,-2
exam,4,2,-2
educate,4,2,-2
professional,6,4,-2
however,7,5,-2
explore,5,3,-2
martinez,3,1,-2
situation,4,2,-2
recognition,4,2,-2
2013,3,1,-2
ranking,4,2,-2
away,3,1,-2
additionally,4,2,-2
reveal,5,3,-2
toward,7,5,-2
sport,3,1,-2
private,4,2,-2
schizophrenic,3,0,-3
prior,5,2,-3
further,4,1,-3
anywhere,3,0,-3
insulin,3,0,-3
depressed,3,0,-3
micra,3,0,-3
clin,3,0,-3
within,8,5,-3
guest,6,3,-3
botulinum,3,0,-3
therapeutic,4,1,-3
error,4,1,-3
people,11,8,-3
groundbreake,5,2,-3
caution,3,0,-3
reputation,4,1,-3
randomize,3,0,-3
rather,4,1,-3
score,5,2,-3
database,4,1,-3
contrast,3,0,-3
publish,4,1,-3
theirs,3,0,-3
angiography,3,0,-3
newborn,3,0,-3
earn,5,2,-3
spread,3,0,-3
decrease,3,0,-3
transradial,3,0,-3
dan,3,0,-3
honor,7,4,-3
speech,3,0,-3
genetic,7,4,-3
know,27,24,-3
book,3,0,-3
paul,3,0,-3
committed,4,1,-3
interests,3,0,-3
month,9,6,-3
weisleder,3,0,-3
harmful,3,0,-3
period,5,2,-3
rating,4,1,-3
record,16,13,-3
throughout,6,3,-3
innovation,5,2,-3
95817,3,0,-3
unable,4,1,-3
372,3,0,-3
adjust,4,1,-3
scoring,3,0,-3
touch,5,2,-3
chief,5,2,-3
external,3,0,-3
believe,6,3,-3
please,8,5,-3
brain,25,22,-3
lie,3,0,-3
main,4,1,-3
inflammation,3,0,-3
angioplasty,3,0,-3
stretch,4,1,-3
neck,6,3,-3
housing,5,2,-3
gene,5,2,-3
semi,3,0,-3
couple,3,0,-3
secure,6,3,-3
mail,5,2,-3
randomly,4,1,-3
effectiveness,7,4,-3
smartphone,3,0,-3
2016,3,0,-3
prostate,24,21,-3
melanoma,3,0,-3
ayers,3,0,-3
monitor,11,8,-3
lvad,3,0,-3
board,3,0,-3
rheumatoid,3,0,-3
mortality,6,3,-3
satake,3,0,-3
dead,4,1,-3
cause,12,9,-3
characteristic,4,1,-3
event,5,2,-3
kelly,3,0,-3
claim,4,1,-3
coach,3,0,-3
flat,3,0,-3
repair,4,1,-3
prepare,6,3,-3
majority,5,2,-3
toxin,3,0,-3
perform,6,3,-3
animal,3,0,-3
language,5,2,-3
advertising,3,0,-3
usual,3,0,-3
khatri,3,0,-3
consideration,3,0,-3
fight,3,0,-3
sample,15,12,-3
young,14,11,-3
advanced,12,9,-3
cerebral,3,0,-3
quit,3,0,-3
gout,3,0,-3
pay,3,0,-3
positive,3,0,-3
addition,5,2,-3
improved,4,1,-3
bleeding,3,0,-3
mean,11,8,-3
counseling,3,0,-3
guideline,3,0,-3
antipsychotic,3,0,-3
own,13,10,-3
expenditure,3,0,-3
variety,4,1,-3
chesney,3,0,-3
childhood,3,0,-3
suite,3,0,-3
training,6,3,-3
bevacizumab,3,0,-3
demaria,3,0,-3
transplantation,3,0,-3
course,3,0,-3
phone,6,3,-3
hyperthermia,3,0,-3
expensive,3,0,-3
closely,3,0,-3
emphasize,3,0,-3
flaxseed,3,0,-3
friend,3,0,-3
reaction,3,0,-3
train,6,3,-3
darnall,3,0,-3
objective,3,0,-3
female,4,1,-3
optimal,3,0,-3
several,5,2,-3
map,4,1,-3
online,5,2,-3
geriatric,3,0,-3
fang,3,0,-3
self,5,2,-3
dependent,3,0,-3
emotional,5,2,-3
lee,3,0,-3
laboratory,7,4,-3
investigator,3,0,-3
damage,6,3,-3
agent,3,0,-3
advancing,3,0,-3
chest,4,1,-3
5810,4,0,-4
subscribe,4,0,-4
ebola,4,0,-4
knee,4,0,-4
closed,5,1,-4
opportunity,12,8,-4
inappropriate,4,0,-4
exchange,4,0,-4
combination,6,2,-4
vascular,4,0,-4
network,5,1,-4
february,4,0,-4
byers,4,0,-4
steroid,4,0,-4
enjoy,5,1,-4
philosophy,4,0,-4
risky,5,1,-4
office,4,0,-4
door,4,0,-4
mark,7,3,-4
dohse,4,0,-4
colleague,5,1,-4
translational,4,0,-4
newly,9,5,-4
dimensional,4,0,-4
mobile,4,0,-4
sugar,4,0,-4
prescribe,9,5,-4
conscious,4,0,-4
status,4,0,-4
develop,20,16,-4
americans,4,0,-4
religious,5,1,-4
mechanism,4,0,-4
outpatient,5,1,-4
quarter,4,0,-4
wrong,6,2,-4
disabled,4,0,-4
another,9,5,-4
olgin,4,0,-4
sit,4,0,-4
critical,10,6,-4
15226,6,2,-4
implant,7,3,-4
being,5,1,-4
radiology,5,1,-4
diabetic,5,1,-4
6661,6,2,-4
provenge,4,0,-4
commonly,5,1,-4
technique,5,1,-4
everyone,4,0,-4
truly,4,0,-4
nutritional,4,0,-4
surge,4,0,-4
inform,5,1,-4
proper,4,0,-4
cartilage,4,0,-4
room,15,11,-4
few,14,10,-4
region,6,2,-4
effectively,6,2,-4
eye,10,6,-4
pager,6,2,-4
volunteer,6,2,-4
mccane,4,0,-4
survival,11,7,-4
clot,5,1,-4
until,5,1,-4
particular,5,1,-4
finding,11,7,-4
pulmonary,4,0,-4
absorb,4,0,-4
mutation,6,2,-4
anorexia,4,0,-4
profile,4,0,-4
lack,5,1,-4
intractable,4,0,-4
love,7,3,-4
weak,4,0,-4
radiologist,4,0,-4
laret,4,0,-4
arm,4,0,-4
physical,10,6,-4
greenawalt,4,0,-4
option,18,14,-4
calculate,4,0,-4
schedule,5,1,-4
great,7,3,-4
related,4,0,-4
chain,4,0,-4
mammogram,4,0,-4
still,14,10,-4
tolerate,5,1,-4
catheterization,4,0,-4
fill,8,3,-5
black,8,3,-5
bleed,6,1,-5
mychart,6,1,-5
communications,6,1,-5
reflux,5,0,-5
blum,5,0,-5
specific,10,5,-5
promote,5,0,-5
diving,5,0,-5
pressure,9,4,-5
expectancy,5,0,-5
circuit,5,0,-5
light,6,1,-5
cctv,5,0,-5
rapidly,5,0,-5
everywhere,6,1,-5
arthritis,5,0,-5
2006,5,0,-5
haiti,5,0,-5
into,36,31,-5
violence,5,0,-5
materials,5,0,-5
certain,9,4,-5
wellness,5,0,-5
stop,5,0,-5
fellow,6,1,-5
useful,5,0,-5
open,9,4,-5
m.d.,6,1,-5
2012,5,0,-5
especially,11,6,-5
already,8,3,-5
typically,8,3,-5
colorectal,7,2,-5
ignore,5,0,-5
well,56,51,-5
reduce,11,6,-5
far,6,1,-5
odd,6,1,-5
defy,5,0,-5
arrive,6,1,-5
web,5,0,-5
total,7,2,-5
imaging,10,5,-5
volume,7,2,-5
least,6,1,-5
fibrillation,6,1,-5
accord,11,6,-5
typical,8,3,-5
leave,10,5,-5
television,5,0,-5
atrial,6,1,-5
killer,5,0,-5
drop,6,1,-5
hospitalize,8,3,-5
acid,5,0,-5
public,9,4,-5
urge,5,0,-5
islamic,5,0,-5
interested,5,0,-5
timothy,6,0,-6
kidney,9,3,-6
enough,7,1,-6
apex,6,0,-6
show,24,18,-6
account,9,3,-6
themselves,11,5,-6
pci,6,0,-6
win,6,0,-6
physician,40,34,-6
year,52,46,-6
journal,7,1,-6
auxiliary,6,0,-6
discovery,10,4,-6
teach,8,2,-6
non,11,5,-6
integrative,6,0,-6
type,16,10,-6
foster,6,0,-6
recurrent,6,0,-6
miss,6,0,-6
specialty,9,3,-6
same,13,7,-6
stent,6,0,-6
participate,6,0,-6
together,9,3,-6
facilities,6,0,-6
asthma,6,0,-6
significantly,8,2,-6
out,17,11,-6
screen,8,2,-6
practice,14,8,-6
916,7,0,-7
parking,7,0,-7
march,7,0,-7
offer,24,17,-7
empower,9,2,-7
schizophrenia,7,0,-7
734,7,0,-7
serve,43,36,-7
manager,7,0,-7
breast,12,5,-7
sacramento,7,0,-7
portal,8,1,-7
kiwanis,7,0,-7
paralyzed,7,0,-7
important,13,6,-7
reassure,7,0,-7
radial,7,0,-7
july,9,2,-7
stroke,19,12,-7
remove,10,3,-7
group,27,20,-7
lodge,7,0,-7
five,10,3,-7
parents,7,0,-7
four,9,2,-7
spinal,8,1,-7
cord,8,0,-8
award,8,0,-8
program,19,11,-8
clinics,11,3,-8
exercise,11,3,-8
replacement,8,0,-8
bowel,8,0,-8
number,19,11,-8
hip,8,0,-8
stress,12,4,-8
lgbt,8,0,-8
dr.,8,0,-8
hypertension,9,1,-8
uncontrolled,8,0,-8
survey,9,1,-8
savoie,8,0,-8
treatment,76,68,-8
august,11,3,-8
procedure,17,9,-8
irritable,8,0,-8
management,16,8,-8
strike,9,1,-8
normal,10,2,-8
site,10,2,-8
attack,11,2,-9
children,15,6,-9
shot,10,1,-9
boy,9,0,-9
school,12,3,-9
master,9,0,-9
september,9,0,-9
device,14,5,-9
manage,14,5,-9
share,11,2,-9
diabete,15,6,-9
bypass,10,1,-9
blood,34,25,-9
harry,9,0,-9
release,16,7,-9
old,31,22,-9
half,11,2,-9
consider,20,10,-10
level,20,10,-10
allow,17,7,-10
each,47,37,-10
femoral,10,0,-10
expect,14,4,-10
target,13,3,-10
curriculum,10,0,-10
die,13,3,-10
excellent,12,2,-10
prescription,13,3,-10
nurse,21,11,-10
skin,14,4,-10
what,31,21,-10
prevent,14,4,-10
2009,12,2,-10
april,10,0,-10
library,10,0,-10
muscle,11,1,-10
umhs,11,0,-11
beyond,11,0,-11
november,11,0,-11
strategy,11,0,-11
potentially,14,3,-11
2015,13,2,-11
individual,19,7,-12
lung,16,4,-12
large,20,8,-12
elderly,15,3,-12
during,28,16,-12
wait,15,3,-12
problem,15,3,-12
trial,32,20,-12
undergo,21,8,-13
woman,19,6,-13
three,19,6,-13
among,24,11,-13
failure,18,5,-13
population,22,9,-13
june,15,1,-14
involve,17,3,-14
call,25,11,-14
coronary,15,1,-14
control,19,5,-14
injury,18,4,-14
january,15,0,-15
because,24,8,-16
complication,20,4,-16
encourage,19,3,-16
drug,34,18,-16
enrol,18,2,-16
guide,16,0,-16
diabetes,18,1,-17
disease,69,52,-17
october,18,1,-17
conduct,17,0,-17
satisfaction,20,2,-18
davis,19,1,-18
profession,21,3,-18
bet,18,0,-18
researcher,40,21,-19
december,20,1,-19
hill,19,0,-19
artery,23,3,-20
every,54,33,-21
death,23,2,-21
transplant,36,14,-22
say,123,100,-23
very,34,10,-24
good,49,24,-25
condition,55,30,-25
service,47,22,-25
surgery,57,31,-26
blog,28,0,-28
study,78,46,-32
2011,34,1,-33
refer,59,23,-36
risk,53,15,-38
information,47,9,-38
treat,73,34,-39
clinic,61,22,-39
contact,53,13,-40
excellence,49,7,-42
appointment,50,7,-43
family,94,50,-44
cancer,133,88,-45
percent,49,3,-46
assistance,49,3,-46
progress,52,5,-47
professionals,48,0,-48
healthcare,49,1,-48
diversity,50,2,-48
fax,48,0,-48
accept,49,0,-49
dukehealth.org,49,0,-49
link,54,4,-50
appointments,50,0,-50
over,66,15,-51
skip,52,0,-52
myhealth,52,0,-52
commitment,63,10,-53
high,79,26,-53
communicate,59,2,-57
compassion,62,4,-58
science,71,12,-59
careers,63,0,-63
experience,107,43,-64
way,79,15,-64
time,98,32,-66
advice,68,2,-66
coverage,68,2,-66
heart,78,11,-67
media,70,2,-68
doctor,91,23,-68
newsletters,68,0,-68
articles,68,0,-68
trials,73,2,-71
resources,75,4,-71
monday,72,0,-72
friday,72,0,-72
320,72,0,-72
a.m.,72,0,-72
9443,72,0,-72
p.m.,74,1,-73
650,78,4,-74
track,79,5,-74
navigation,75,0,-75
locations,78,3,-75
child,81,4,-77
follow,89,9,-80
team,107,26,-81
scientist,94,8,-86
stanford,110,24,-86
operate,92,5,-87
login,88,0,-88
healthview,88,0,-88
links,88,0,-88
quick,94,5,-89
compassionate,94,5,-89
highly,92,3,-89
find,127,30,-97
medicine,118,14,-104
visit,118,13,-105
organization,115,9,-106
transfer,117,10,-107
make,145,38,-107
transport,112,5,-107
clinical,137,30,-107
delivery,116,8,-108
request,123,14,-109
through,134,24,-110
consultation,114,4,-110
ways,112,2,-110
guidelines,111,0,-111
hours,111,0,-111
transfers,111,0,-111
bookstore,111,0,-111
admissions,111,0,-111
treatments,113,2,-111
video,121,9,-112
referral,115,2,-113
cost,118,5,-113
groups,114,0,-114
join,116,1,-115
stories,119,4,-115
info,119,0,-119
2010,125,0,-125
visitor,140,6,-134
physicians,146,10,-136
duke,148,0,-148
home,176,21,-155
newsletter,159,4,-155
provide,194,36,-158
archive,159,0,-159
how,206,45,-161
annual,178,10,-168
additional,176,3,-173
press,185,9,-176
releases,184,2,-182
give,216,31,-185
center,260,70,-190
policies,222,10,-212
support,245,31,-214
special,221,6,-215
partners,216,0,-216
dictionary,217,0,-217
gift,225,8,-217
tests,217,0,-217
programs,217,0,-217
discharge,225,8,-217
message,225,6,-219
hipaa,224,5,-219
shops,224,4,-220
labor,226,5,-221
biographies,224,2,-222
rooms,222,0,-222
rights,227,5,-222
doctors,222,0,-222
records,222,0,-222
send,227,3,-224
your,227,2,-225
executive,227,2,-225
referrals,226,0,-226
education,250,18,-232
health,349,106,-243
news,330,39,-291
ucsf,403,109,-294
experiences,324,2,-322
quality,365,38,-327
safety,369,41,-328
bay,339,11,-328
reports,335,4,-331
billing,335,2,-333
hospital,390,53,-337
services,358,3,-355
mission,449,10,-439
medical,567,62,-505
care,989,314,-675
